Timestamp,X,Y,Yaw_Deg
1773094851.92346,0.0,0.0,0.0
1773094852.0571427,0.0,0.0,0.0
1773094852.1905487,0.0,0.0,0.0
1773094852.356835,0.0,0.0,0.0
1773094852.4574702,0.0,0.0,0.0
1773094852.5902839,0.0,0.0,0.0
1773094852.6903481,0.0,0.0,0.0
1773094852.7906384,0.0,0.0,0.0
1773094852.923147,0.0,0.0,0.0
1773094853.0572054,0.0,0.0,0.0
1773094853.1934133,0.0,0.0,0.0
1773094853.325912,0.0,0.0,0.0
1773094853.4566684,0.0,0.0,0.0
1773094853.5567536,0.0,0.0,0.0
1773094853.6569521,0.0,0.0,0.0
1773094853.7572157,0.0,0.0,0.0
1773094853.8574498,0.0,0.0,0.0
1773094853.990931,0.0,0.0,0.0
1773094854.1567423,0.0,0.0,0.0
1773094854.257292,0.0,0.0,0.0
1773094854.391986,0.0,0.0,0.0
1773094854.495161,0.0,0.0,0.0
1773094854.657216,0.0,0.0,0.0
1773094854.79159,0.0,0.0,0.0
1773094854.957172,0.0,0.0,0.0
1773094855.0914822,0.0,0.0,0.0
1773094855.1917212,0.0,0.0,0.0
1773094855.2922444,0.0,0.0,0.0
1773094855.4567208,0.0,0.0,0.0
1773094855.5570593,0.0,0.0,0.0
1773094855.6918793,0.0,0.0,0.0
1773094855.7919264,0.0,0.0,0.0
1773094855.9232266,0.0,0.0,0.0
1773094856.0560174,0.0,0.0,0.0
1773094856.1560183,0.0,0.0,0.0
1773094856.2562587,0.0,0.0,0.0
1773094856.3893354,0.0,0.0,0.0
1773094856.4893537,0.0,0.0,0.0
1773094856.5894077,0.0,0.0,0.0
1773094856.6899202,0.0,0.0,0.0
1773094856.7901928,0.0,0.0,0.0
1773094856.9560845,0.0,0.0,0.0
1773094857.0561242,0.0,0.0,0.0
1773094857.157908,0.0,0.0,0.0
1773094857.2905433,0.0,0.0,0.0
1773094857.4567513,0.0,0.0,0.0
1773094857.5568519,0.0,0.0,0.0
1773094857.6573734,0.0,0.0,0.0
1773094857.7932093,0.0,0.0,0.0
1773094857.9569283,0.0,0.0,0.0
1773094858.0569673,0.0,0.0,0.0
1773094858.157093,0.0,0.0,0.0
1773094858.2581635,0.0,0.0,0.0
1773094858.3910666,0.0,0.0,0.0
1773094858.5570843,0.0,0.0,0.0
1773094858.6581638,0.0,0.0,0.0
1773094858.7934759,0.0,0.0,0.0
1773094858.9568522,0.0,0.0,0.0
1773094859.090284,0.0,0.0,0.0
1773094859.190636,0.0,0.0,0.0
1773094859.3570454,0.0,0.0,0.0
1773094859.458035,0.0,0.0,0.0
1773094859.5928056,0.0,0.0,0.0
1773094859.6928732,0.0,0.0,0.0
1773094859.8571532,0.0,0.0,0.0
1773094859.957736,0.0,0.0,0.0
1773094860.0901294,0.0,0.0,0.0
1773094860.1906872,0.0,0.0,0.0
1773094860.2913413,0.0,0.0,0.0
1773094860.3927817,0.0,0.0,0.0
1773094860.557422,0.0,0.0,0.0
1773094860.6578622,0.0,0.0,0.0
1773094860.7907577,0.0,0.0,0.0
1773094860.8912215,0.0,0.0,0.0
1773094861.0571556,0.0,0.0,0.0
1773094861.1908505,0.0,0.0,0.0
1773094861.2919767,0.0,0.0,0.0
1773094861.4571905,0.0,0.0,0.0
1773094861.590887,0.0,0.0,0.0
1773094861.6910098,0.0,0.0,0.0
1773094861.8586023,0.0,0.0,0.0
1773094861.9918272,0.0,0.0,0.0
1773094862.0921426,0.0,0.0,0.0
1773094862.2565808,0.0,0.0,0.0
1773094862.3567843,0.0,0.0,0.0
1773094862.457168,0.0,0.0,0.0
1773094862.5572128,0.0,0.0,0.0
1773094862.658594,0.0,0.0,0.0
1773094862.7925446,0.0,0.0,0.0
1773094862.8928459,0.0,0.0,0.0
1773094862.9928493,0.0,0.0,0.0
1773094863.1568203,0.0,0.0,0.0
1773094863.2904203,0.0,0.0,0.0
1773094863.3908532,0.0,0.0,0.0
1773094863.4915073,0.0,0.0,0.0
1773094863.6571808,0.0,0.0,0.0
1773094863.7920763,0.0,0.0,0.0
1773094863.957447,0.0,0.0,0.0
1773094864.090368,0.0,0.0,0.0
1773094864.1904435,0.0,0.0,0.0
1773094864.291255,0.0,0.0,0.0
1773094864.392003,0.0,0.0,0.0
1773094864.5570996,0.0,0.0,0.0
1773094864.657697,0.0,0.0,0.0
1773094864.791596,0.0,0.0,0.0
1773094864.9577384,0.0,0.0,0.0
1773094865.0927532,0.0,0.0,0.0
1773094865.2247417,0.0,0.0,0.0
1773094865.358288,0.0,0.0,0.0
1773094865.4924762,0.0,0.0,0.0
1773094865.624366,0.0,0.0,0.0
1773094865.757923,0.0,0.0,0.0
1773094865.8923075,0.0,0.0,0.0
1773094866.056771,0.0,0.0,0.0
1773094866.1909745,0.0,0.0,0.0
1773094866.2910812,0.0,0.0,0.0
1773094866.4564807,0.0,0.0,0.0
1773094866.5567656,0.0,0.0,0.0
1773094866.6571472,0.0,0.0,0.0
1773094866.7574334,0.0,0.0,0.0
1773094866.8586037,0.0,0.0,0.0
1773094866.9916174,0.0,0.0,0.0
1773094867.0923712,0.0,0.0,0.0
1773094867.2250748,0.0,0.0,0.0
1773094867.3566694,0.0,0.0,0.0
1773094867.4583688,0.0,0.0,0.0
1773094867.5928206,0.0,0.0,0.0
1773094867.7566595,0.0,0.0,0.0
1773094867.8582108,0.0,0.0,0.0
1773094867.9899735,0.0,0.0,0.0
1773094868.090503,0.0,0.0,0.0
1773094868.2237487,0.0,0.0,0.0
1773094868.3567584,0.0,0.0,0.0
1773094868.4572115,0.0,0.0,0.0
1773094868.5913696,0.0,0.0,0.0
1773094868.6924753,0.0,0.0,0.0
1773094868.8579953,0.0,0.0,0.0
1773094868.9912703,0.0,0.0,0.0
1773094869.0923102,0.0,0.0,0.0
1773094869.2569804,0.0,0.0,0.0
1773094869.3578336,0.0,0.0,0.0
1773094869.4918628,0.0,0.0,0.0
1773094869.592487,0.0,0.0,0.0
1773094869.7241707,0.0,0.0,0.0
1773094869.8570373,0.0,0.0,0.0
1773094869.9570518,0.0,0.0,0.0
1773094870.091203,0.0,0.0,0.0
1773094870.1915972,0.0,0.0,0.0
1773094870.2926736,0.0,0.0,0.0
1773094870.4568546,0.0,0.0,0.0
1773094870.5907881,0.0,0.0,0.0
1773094870.6924863,0.0,0.0,0.0
1773094870.7944968,0.0,0.0,0.0
1773094870.9566433,0.0,0.0,0.0
1773094871.0567613,0.0,0.0,0.0
1773094871.1569662,0.0,0.0,0.0
1773094871.2907147,0.0,0.0,0.0
1773094871.3915684,0.0,0.0,0.0
1773094871.524208,0.0,0.0,0.0
1773094871.65666,0.0,0.0,0.0
1773094871.7572887,0.0,0.0,0.0
1773094871.8575811,0.0,0.0,0.0
1773094871.990867,0.0,0.0,0.0
1773094872.0915132,0.0,0.0,0.0
1773094872.1934712,0.0,0.0,0.0
1773094872.324537,0.0,0.0,0.0
1773094872.4569492,0.0,0.0,0.0
1773094872.558753,0.0,0.0,0.0
1773094872.6917453,0.0,0.0,0.0
1773094872.79225,0.0,0.0,0.0
1773094872.9569414,0.0,0.0,0.0
1773094873.0572278,0.0,0.0,0.0
1773094873.1938736,0.0,0.0,0.0
1773094873.3576562,0.0,0.0,0.0
1773094873.4906,0.0,0.0,0.0
1773094873.5911705,0.0,0.0,0.0
1773094873.6917617,0.0,0.0,0.0
1773094873.8237958,0.0,0.0,0.0
1773094873.9565158,0.0,0.0,0.0
1773094874.0904806,0.0,0.0,0.0
1773094874.2567477,0.0,0.0,0.0
1773094874.3906882,0.0,0.0,0.0
1773094874.5231926,0.0,0.0,0.0
1773094874.6570299,0.0,0.0,0.0
1773094874.7911675,0.0,0.0,0.0
1773094874.9568677,0.0,0.0,0.0
1773094875.0569413,0.0,0.0,0.0
1773094875.1570878,0.0,0.0,0.0
1773094875.2908213,0.0,0.0,0.0
1773094875.3912544,0.0,0.0,0.0
1773094875.5568216,0.0,0.0,0.0
1773094875.657259,0.0,0.0,0.0
1773094875.790303,0.0,0.0,0.0
1773094875.89042,0.0,0.0,0.0
1773094875.9920363,0.0,0.0,0.0
1773094876.1566536,0.0,0.0,0.0
1773094876.2570927,0.0,0.0,0.0
1773094876.3903725,0.0,0.0,0.0
1773094876.4910524,0.0,0.0,0.0
1773094876.6233385,0.0,0.0,0.0
1773094876.7569563,0.0,0.0,0.0
1773094876.8902354,0.0,0.0,0.0
1773094876.9905317,0.00015511636596978018,-2.368734935176618e-07,0.064942007915124
1773094877.124694,0.00015973836703499895,-2.2856063373624635e-07,0.08325239209672414
1773094877.2570553,-0.0032335363251499412,4.52597871176067e-05,0.9078766903163334
1773094877.3583317,-0.005291294448121058,1.9786664343174924e-05,2.2725981047750583
1773094877.4915237,-0.005547181103900661,9.864332522661886e-06,3.1268465298339034
1773094877.5925953,-0.005528332895745752,1.0594719868469333e-05,3.1268520678579526
1773094877.7573142,-0.00595198217957311,-1.2440839385253659e-05,3.837000769761722
1773094877.8578503,-0.004337769917184193,8.132736542813984e-05,5.14321189852938
1773094877.9921277,-0.0029823088174949362,0.00022876279430328493,6.356052662928583
1773094878.1245396,-0.0018809629973551456,0.0003757049854089738,5.3693893150501735
1773094878.2574148,-0.0026598696466172637,0.0002856238361268423,4.878467380341463
1773094878.3928475,-0.0026676474995506886,0.0002872003757411598,4.8783904445007575
1773094878.524964,-0.0026688644244308064,0.00028829018610545935,4.87832596520758
1773094878.657127,-0.0025866243362883496,0.0002917010304212102,5.113701426959483
1773094878.758332,-0.002586624335747286,0.00029170103040173636,5.113660672174133
1773094878.8927221,-0.002582054570879376,0.0002934632963919251,5.113626413727139
1773094879.0573134,-0.0025866243344839024,0.0002917010303384611,5.113573645711829
1773094879.1909008,-0.0025796275992397586,0.0002932302008041862,5.113553507224775
1773094879.2928457,-0.002578813040593298,0.00029320780384483946,5.113536639707253
1773094879.394878,-0.002578110927685884,0.00029317654969245673,5.113522470531027
1773094879.556612,-0.0025866243333236625,0.0002917010302297174,5.113500671921855
1773094879.65698,-0.002586624333198714,0.0002917010302084332,5.113492289636223
1773094879.7571824,-0.0025866243331030396,0.00029170103018732324,5.113485213517813
1773094879.8575027,-0.002586624333032148,0.0002917010301666833,5.11347923112936
1773094879.9909828,-0.002576986142521499,0.00029278690409107144,5.113474150076289
1773094880.090996,-0.0025769641201143804,0.0002927344343308322,5.113469812238594
1773094880.225985,-0.0025699627311676267,0.00029338679515346176,5.113466096914073
1773094880.3564065,-0.0025866243329770236,0.0002917010300705623,5.11346012000475
1773094880.45734,-0.002586624333012774,0.0002917010300528515,5.11345770027292
1773094880.5574765,-0.002586624333060204,0.00029170103003562704,5.113455572873326
1773094880.6907697,-0.002577543096894645,0.0002924567283697898,5.113453704415438
1773094880.8235872,-0.002571332523940026,0.0002929231563043914,5.113452040690055
1773094880.9560313,-0.0025866243333304987,0.0002917010299730597,5.113449222705632
1773094881.0896142,-0.002578317551234736,0.0002923067744170888,5.113448016225773
1773094881.2559693,-0.0025866243335917996,0.00029170102993217637,5.113445924057388
1773094881.355985,-0.0025866243336862484,0.0002917010299195934,5.1134450093930655
1773094881.4560323,-0.0025866243337812306,0.0002917010299076641,5.113444177250269
1773094881.5578787,-0.0025866243338791774,0.00029170102989617067,5.113443408996548
1773094881.6912553,-0.002579900134013688,0.00029211419221444364,5.113442702585886
1773094881.7920985,-0.002580095071729612,0.0002920916612715726,5.113442054691606
1773094881.9563804,-0.0025866243342684506,0.0002917010298556906,5.113440907874731
1773094882.0573254,-0.002586624334364816,0.00029170102984676834,5.113440400288101
1773094882.1899545,-0.0025815500266486813,0.0002919745406499267,5.113439916430724
1773094882.2918937,-0.00258134627191756,0.0002919784418432767,5.113439502529596
1773094882.3919885,-0.0025814675235557014,0.0002919651820058769,5.113439108067765
1773094882.496772,-0.0025818188598999954,0.0002919409869758837,5.113438745878183
1773094882.6590095,-0.0025866243349088646,0.0002917010298022957,5.113438110628261
1773094882.7923014,-0.0025823296699292926,0.0002918993984075342,5.113437833103059
1773094882.9574647,-0.0025866243351512276,0.00029170102978521347,5.113437350944252
1773094883.0920808,-0.0025832356495229867,0.0002918454867482164,5.1134371391178846
1773094883.2235053,-0.0025809446480309175,0.0002919355461887602,5.113436953603916
1773094883.356886,-0.0025866243354397355,0.0002917010297668142,5.113436629770016
1773094883.4575813,-0.0025866243355055283,0.0002917010297629013,5.113436491263653
1773094883.5925238,-0.002583898579172475,0.00029180154825742064,5.113436367852712
1773094883.7573843,-0.0025866243356856447,0.0002917010297527,5.113436158406544
1773094883.8921988,-0.002584329503028222,0.0002917777570875231,5.1134360705397786
1773094884.0569837,-0.002586624335844116,0.00029170102974440047,5.113435923809544
1773094884.191209,-0.0025848018000123665,0.00029175559201765196,5.113435863229291
1773094884.2912989,-0.002584924373298802,0.0002917498858358525,5.113435809903373
1773094884.4569378,-0.0025866243360227617,0.000291701029735838,5.113435722920722
1773094884.5570166,-0.002586624336062071,0.00029170102973408006,5.113435687730023
1773094884.690001,-0.0025853255130262077,0.0002917318793903833,5.113435657394808
1773094884.7911768,-0.0025854063774696646,0.00029172835282835485,5.113435631259377
1773094884.9235291,-0.0025847111832314976,0.00029174095350172974,5.113435608965445
1773094885.027822,-0.002584768850551899,0.0002917371142158504,5.1134355899916795
1773094885.156716,-0.002586624336257542,0.00029170102972608445,5.113435560704293
1773094885.2568796,-0.0025866243362840827,0.00029170102972511414,5.1134355496315855
1773094885.3570418,-0.00258662433630904,0.0002917010297242268,5.113435540541841
1773094885.457146,-0.002586624336332766,0.0002917010297234136,5.113435533129214
1773094885.5912166,-0.002585971326152591,0.0002917077487309794,5.113435527321954
1773094885.757278,-0.0025866243363949866,0.00029170102972141484,5.113435519272097
1773094885.8582845,-0.002586624336413129,0.0002917010297208735,5.113435516746992
1773094885.9907422,-0.002586160255421592,0.00029170216396511375,5.113435515009468
1773094886.123372,-0.002585905273134193,0.0002917008947103418,5.113435513931946
1773094886.2567415,-0.002586624336474966,0.00029170102971921765,5.113435513341279
1773094886.357038,-0.0025866243364879283,0.000291701029718913,5.1134355136439655
1773094886.491499,-0.0025863353386985813,0.0002916979809386009,5.113435514243361
1773094886.5921807,-0.0025863574191455534,0.00029169734255709304,5.113435515075851
1773094886.692342,-0.002586387201361459,0.0002916969164484385,5.11343551608676
1773094886.856555,-0.002586624336540262,0.00029170102971788587,5.1134355184710305
1773094886.989644,-0.0013519819886028959,0.0004189159588357603,4.550830571270618
1773094887.0904593,0.006894304215404234,0.0013211182377986068,2.960496821390405
1773094887.2263584,0.022719471420999098,0.0026438946421790347,-0.10687105514439325
1773094887.356602,0.0585937114084468,0.0029289752145756306,-1.5058915936805757
1773094887.4566967,0.07637665608052369,0.002584986864744521,-2.217486630834801
1773094887.5901322,0.09847892432530925,0.0017499505873155453,-2.887196817231139
1773094887.6906538,0.11674265904792527,0.0010377658332093634,-3.196841000384091
1773094887.826845,0.13960396520558574,-0.00013518233484801904,-3.3486705373329877
1773094887.956323,0.1643359429726317,-0.0013649590460724523,-3.5267107930834753
1773094888.0567744,0.1821695271072106,-0.0023316940916018494,-3.6460882789290774
1773094888.158339,0.1992639486972817,-0.003351236313065923,-3.660643801077936
1773094888.2911701,0.2247633547580629,-0.0046953631511175275,-3.437726358862321
1773094888.4238436,0.24801652054747284,-0.005845169905640599,-3.4625365180223
1773094888.5242097,0.2659562974335205,-0.006768692138378439,-3.460360287647164
1773094888.656158,0.287052305001183,-0.007825006440395715,-3.6117344256121746
1773094888.7562761,0.304810217741001,-0.008828981187430831,-3.6552910880389566
1773094888.856919,0.32242137090318485,-0.009824658633202159,-3.548402288587069
1773094888.9571407,0.3403319653896572,-0.010726096075443012,-3.4121128136087076
1773094889.0900047,0.367036307922614,-0.012167484210325322,-3.1679010335178317
1773094889.1913779,0.38529769007787545,-0.01297968318210026,-2.9528382526764645
1773094889.3236775,0.40937211213513924,-0.01381734106780254,-3.5524652818671267
1773094889.42439,0.42695993097490587,-0.014809726518886568,-3.576907899183688
1773094889.5565186,0.44611210713924765,-0.015860485201040005,-3.2614551156713065
1773094889.6896982,0.4737431225271937,-0.017234588061619576,-3.1329852507382197
1773094889.7899563,0.49161355869857365,-0.01810035811672698,-2.851393150771994
1773094889.890822,0.5094388806560264,-0.018788796406873025,-2.720075240338691
1773094890.0234551,0.5333679184162499,-0.019712407754718816,-2.556642964834059
1773094890.1243367,0.5511165795870434,-0.02038190483884882,-2.221649964181789
1773094890.22652,0.5694060300253936,-0.020948601321329866,-1.8498477206924626
1773094890.3563328,0.5876318573846949,-0.021197044618051875,-2.124765520391245
1773094890.456668,0.6057062239647064,-0.021658593092851258,-2.48461451574526
1773094890.5566928,0.6228192155463671,-0.022294381772485408,-2.7544410003334345
1773094890.6908903,0.6496178714486128,-0.023300577009740038,-2.893257866141909
1773094890.8234158,0.6738600758819173,-0.02426292818424341,-3.2265953719758684
1773094890.9281445,0.69175319192959,-0.02512204319808417,-3.1847549049981074
1773094891.0561864,0.7114580825945971,-0.025853421396997537,-3.716965236519589
1773094891.1565793,0.7291386156289964,-0.026921648229814264,-4.078675271221472
1773094891.2911882,0.7562114880178102,-0.028601570285328008,-4.065882709081388
1773094891.4235666,0.7800377572471175,-0.03005746112661967,-4.001811463019085
1773094891.523859,0.7974992278665984,-0.03107274540822001,-4.21307948795022
1773094891.6565256,0.8159938185561088,-0.032274785795860406,-4.429514604062335
1773094891.7906864,0.842688246769939,-0.03408809060940522,-4.459237117970221
1773094891.9246535,0.8669253748915919,-0.03579749311349954,-4.0910102695160555
1773094892.056586,0.8855142134449526,-0.036893483908245914,-3.8567244018925355
1773094892.1566164,0.9034131410844533,-0.03800270458394958,-3.8551798585113093
1773094892.2573724,0.9210186437985389,-0.03909374134373795,-3.6155463595956236
1773094892.3899722,0.9477620131458352,-0.040483576778180846,-3.189304446682978
1773094892.4917297,0.9654999550908195,-0.04130385087458851,-3.0390102042558764
1773094892.6278193,0.9896671457784884,-0.04242184771825591,-2.5629250463292643
1773094892.756865,1.0093463625459942,-0.04300143664443044,-2.778511316829296
1773094892.8901632,1.0362850624582236,-0.04422510048927702,-2.57167317093379
1773094892.990863,1.0537902163923878,-0.04490775555932204,-2.0975236537936484
1773094893.090984,1.0711653860731172,-0.04535386286211352,-1.8251477584609053
1773094893.2245295,1.0953053626861107,-0.04590491780409325,-1.5260910935213559
1773094893.3247387,1.1121319506822949,-0.04619496298773023,-1.4100446436563414
1773094893.4573944,1.1316609640674349,-0.04647708565213622,-1.5044796203689554
1773094893.5575068,1.1487082644455682,-0.046846426635692114,-1.3453210409689944
1773094893.691774,1.1745322225733703,-0.047127319591084606,-1.0347935693122987
1773094893.8259938,1.197914784013406,-0.04728652229471518,-1.1120609089060787
1773094893.9562893,1.218966428959235,-0.04760947815381852,-1.0796735656292478
1773094894.0900857,1.2450439235963175,-0.047707993881752855,-0.7789634997567391
1773094894.1945891,1.262681875541092,-0.04773578154107829,-0.8473040628398465
1773094894.3245625,1.2858398117828607,-0.047861746104268514,-0.8702176561342734
1773094894.4563203,1.3063537684805149,-0.04789543191199464,-1.095339008330636
1773094894.5575807,1.3246534446870128,-0.048093645914493006,-1.1840511204660435
1773094894.691717,1.3511247792615169,-0.04835975174167414,-1.1176251387864344
1773094894.8563118,1.377935762069108,-0.0486575270242983,-0.9497428119592395
1773094894.9564557,1.3955747802777518,-0.04875305326103975,-0.7111416311248334
1773094895.0565288,1.4128465515630149,-0.04872632855198141,-0.6019364873992774
1773094895.157039,1.430485807059188,-0.04875362186819751,-0.6036560143743684
1773094895.2905943,1.4568614267442679,-0.048706804988228526,-0.5693601740064967
1773094895.3914878,1.4740318048806023,-0.04865017633812766,-0.7209459766260335
1773094895.5266333,1.4978223590694213,-0.04859601569102796,-1.4507518156018036
1773094895.6562078,1.517575530271757,-0.048956543014189884,-1.6177823439919343
1773094895.756617,1.5349180732264727,-0.04926516893055536,-1.6172062149107125
1773094895.891785,1.5613817274668533,-0.049790872688065944,-1.439974107558025
1773094896.0251544,1.5851452688874124,-0.05023483271055559,-0.7303496449203718
1773094896.1566312,1.6040679735009074,-0.05034573550661204,-0.2601702503433872
1773094896.2904272,1.6292553418665772,-0.05012700659415203,0.3208474997669141
1773094896.3907533,1.646970618206455,-0.04995067651789888,0.8804781814343888
1773094896.5566642,1.6754163502723625,-0.04900716157122811,0.9704889277875064
1773094896.6571245,1.6931229966694783,-0.048541295214638375,0.859651275285981
1773094896.7935603,1.7194388279147874,-0.04780889209249845,0.5799025259947226
1773094896.9572127,1.744331100530247,-0.04714007423168082,0.003826181247281209
1773094897.0906901,1.7698745507180176,-0.046882229880610776,-1.184436469013816
1773094897.1924574,1.7880124831123643,-0.047144201165393695,-1.6377279979919743
1773094897.3251703,1.8116560562880635,-0.04776671808469035,-1.100061308157933
1773094897.4267778,1.830092664089892,-0.048014165562352835,-0.3687502224292889
1773094897.5568552,1.8516935084268735,-0.04828554850691213,0.9536643897927788
1773094897.6578069,1.8699902655594416,-0.0479032989726365,2.3420123322227258
1773094897.7925556,1.8977422268980466,-0.04647257272312715,4.4644633508469775
1773094897.9269795,1.9226696309262523,-0.04433053336342323,6.516223406120043
1773094898.056738,1.9442017526597573,-0.04152239406169346,7.3080331617060255
1773094898.1916838,1.9707289060435766,-0.03792342633224794,8.197386364565679
1773094898.3565247,1.9966631231822913,-0.033596378218376556,9.040493872039967
1773094898.456833,2.0145848394507055,-0.030273003558558106,8.580575761183791
1773094898.5910933,2.04093155535626,-0.026041808154296596,6.783125973603946
1773094898.691245,2.058145328074821,-0.023759607379244468,5.632811668061543
1773094898.8254123,2.081531163921155,-0.021185094093119642,3.9590022730894026
1773094898.9568727,2.102064419530571,-0.019427044343611182,2.434046189125572
1773094899.056996,2.117753812352994,-0.0183206453001809,1.2813413370194937
1773094899.1929057,2.140036426701714,-0.017362418869083903,-2.3241623592337812
1773094899.3234732,2.1610020684178997,-0.018351699668394672,-4.550677870604406
1773094899.424821,2.1772225535689356,-0.01952573351706946,-4.8250865676529715
1773094899.5562837,2.1984868464068392,-0.02163195125307308,-3.4843893275123143
1773094899.6566868,2.215724736083863,-0.02271359453943574,-2.0677063510034563
1773094899.792017,2.2420347314126046,-0.023493044289969768,0.8300661060251192
1773094899.9237552,2.267441848680853,-0.022685921768188875,2.659691498341737
1773094900.025838,2.28560226676938,-0.0216169473432823,2.817747696869301
1773094900.1265388,2.3009633452330105,-0.020614724782129498,2.333553134675841
1773094900.2565942,2.31852300192025,-0.020324551504866943,2.7718632069868794
1773094900.3571982,2.337847502873377,-0.01987595748783181,5.17194266814312
1773094900.4912446,2.3677905400548016,-0.017707719041261262,11.761125385248937
1773094900.656143,2.377462898995847,-0.015036567117837529,15.118129887374105
1773094900.7563708,2.3932471619859292,-0.010903814699745953,17.658481023182883
1773094900.8564844,2.4125605147554396,-0.00446412310973136,20.350716282064553
1773094900.9565794,2.4313077698378063,0.002686520893363051,22.351427045263417
1773094901.0571845,2.448811831898598,0.009785237352710611,24.26010789677664
1773094901.1915028,2.4708424855719833,0.020186034222141002,27.050357451458247
1773094901.3241777,2.486894142803034,0.02868321073667112,28.607195486524265
1773094901.4565198,2.489788886066062,0.03035464868099804,31.196393966531897
1773094901.590348,2.5032474834740945,0.03874714528024379,35.077131996521935
1773094901.7254448,2.5145439126571683,0.04696668979687808,38.72211435411598
1773094901.8568976,2.518791518105223,0.05061105884936519,41.94235387966018
1773094901.9914527,2.5279549961338907,0.05902564752253107,46.105507367601696
1773094902.124105,2.534964522473679,0.06669070830393302,49.20850440825222
1773094902.2259228,2.539065877359943,0.071641429734127,51.522161466734616
1773094902.3565962,2.54141774887863,0.07494564676993008,53.68045528571891
1773094902.4898436,2.54475136367689,0.0796213717584405,57.08923790290892
1773094902.5907714,2.545542692121022,0.08110599726265638,58.64184954016014
1773094902.72483,2.5474754390011474,0.08443482739637471,58.798456379480385
1773094902.8252153,2.547484738573666,0.08445908290132728,58.305666304142655
1773094902.956572,2.5468872457925267,0.08373595797346599,56.97418433219278
1773094903.0903292,2.5486844637117767,0.08651579851913484,55.53328568844912
1773094903.2261512,2.549943933893103,0.08836129153021122,54.24279051997492
1773094903.356564,2.5509759145089013,0.08992907294532768,54.45155045039854
1773094903.456886,2.551485012761086,0.09064926689964713,54.84864258494154
1773094903.5909293,2.5525359446302014,0.0921299228758666,56.909557113262025
1773094903.7261481,2.5536348943275433,0.09382329318600516,59.24831545211825
1773094903.8565671,2.5546178044527403,0.09553331901817413,61.279138478058556
1773094903.9568393,2.5557193393610595,0.09769414925819396,62.247577038125186
1773094904.0902665,2.555915566113448,0.09808173802523937,62.73437339187771
1773094904.1921933,2.555881592828733,0.09800950211418658,63.77088257003319
1773094904.325054,2.5562291198898888,0.09871508924282504,64.95390213277543
1773094904.456609,2.5577584110013656,0.10193282830797679,67.2131124685305
1773094904.5904236,2.5584157462580697,0.10340746330794694,71.53962336713198
1773094904.6916618,2.55874058276597,0.10425519758446003,74.3463079695414
1773094904.7924526,2.558696447548811,0.10401246703847554,76.75887881806523
1773094904.956517,2.559233565279842,0.10675682196475281,80.44675123573603
1773094905.0575593,2.559893114131454,0.11104269209629108,81.9712087116438
1773094905.1923106,2.5603908732591316,0.11467402346075124,84.26960184145922
1773094905.3260987,2.5608177279248867,0.11888171361580621,86.14769756598363
1773094905.4565675,2.561244587138587,0.1259667420792067,87.94636316970292
1773094905.5566115,2.561288878183898,0.13059684030348104,88.93927883406643
1773094905.6566792,2.5613107555558847,0.13397763119308276,89.39591500581852
1773094905.7580729,2.56130124575289,0.13735847923284233,90.03827320388899
1773094905.894165,2.561283914177738,0.14142609724620228,91.75069988681241
1773094906.02441,2.561091007645241,0.1453057934113445,92.72441690661435
1773094906.1264567,2.560853896965636,0.1501058367018971,93.86725515809816
1773094906.2563784,2.560069998978544,0.16053847720026362,95.95781635694739
1773094906.3565142,2.559675267658824,0.16382220208810475,96.63451261820902
1773094906.4565332,2.5592547435350292,0.16688029747617578,97.09085511300374
1773094906.5565505,2.5589324668077698,0.16972850506665377,97.74218962895361
1773094906.657192,2.558647386333149,0.17176657926608174,99.53717038711311
1773094906.7908716,2.557824624809037,0.1759348762087001,101.69220309511566
1773094906.8937376,2.5572312162009183,0.17870174359125826,102.73611289642318
1773094907.0241225,2.5565496339166645,0.18154467161340945,104.27146680511306
1773094907.156425,2.5559663113239637,0.18373991902316794,105.49859943046394
1773094907.2564805,2.5555593024653485,0.18515238737276243,106.530977437118
1773094907.3570144,2.5552954950034223,0.1859939727716647,107.51186131768824
1773094907.4918187,2.5548761234240773,0.18726159663486094,109.34329985851045
1773094907.6242878,2.5545510973408323,0.18808281521943973,110.24453552344036
1773094907.7268167,2.5540735922142104,0.18924495991377321,108.87224365287987
1773094907.856473,2.553610408645185,0.19038281527565412,106.19068979087196
1773094907.9566379,2.5530880051153564,0.19206761040503254,105.12045183558632
1773094908.0577037,2.5526663859927847,0.19355234416745912,104.465707821203
1773094908.1899014,2.5520509157751627,0.19592261284427498,105.28772850036252
1773094908.2905917,2.5511080362480083,0.19951698982696647,107.2229473141739
1773094908.393097,2.549968420501524,0.20323009384563664,109.43657461540165
1773094908.5265615,2.5486343922536236,0.2069108655002831,112.00245760885493
1773094908.6563814,2.5479717591163342,0.20846449879784135,113.14204795463291
1773094908.7567148,2.54750611547715,0.20946378977017974,113.19782054849557
1773094908.8909585,2.547608974230543,0.2092604002671157,112.41196331181723
1773094909.0278118,2.5467103817717454,0.2112610239318644,110.58233302231939
1773094909.1562593,2.544766575988204,0.21556479729970235,106.8875024510165
1773094909.2565336,2.544133265250896,0.21736772258475598,102.63165644026465
1773094909.3898191,2.543412004797831,0.2202277229912589,96.05739967049692
1773094909.4907966,2.5429425208323315,0.22303620265134272,91.53276299330747
1773094909.6565742,2.5426238947237207,0.22876288749744328,84.50340474828204
1773094909.7904499,2.5429874324394692,0.2347070771537824,77.52788398884718
1773094909.8909988,2.5435377658363216,0.23788158436616588,73.1732779697507
1773094910.0562959,2.543452232654128,0.23723154255465767,69.06161589763941
1773094910.1564236,2.5436900535296028,0.2378487843437773,68.91662355433358
1773094910.2564993,2.5444700405384686,0.23991112409905208,70.14056786226516
1773094910.3909745,2.5457781478922885,0.24397070197932325,72.33308560434422
1773094910.5565617,2.546275892006743,0.24581185489370744,71.37785500109536
1773094910.6572278,2.546621317044502,0.2469359295800264,69.32781325418055
1773094910.7587337,2.547738753070037,0.2504367653275517,67.16889374719374
1773094910.8906684,2.549217167238441,0.2541584147074176,63.01903309065505
1773094911.024049,2.5522583398650003,0.2614225437395781,57.24440688301523
1773094911.1261594,2.5556044475524877,0.2675717417387625,52.89803585925677
1773094911.2565148,2.564350728148134,0.28062084040458435,47.10737397757718
1773094911.3572168,2.572996260709823,0.290827906924024,42.67021651479968
1773094911.457582,2.5836953488990733,0.30154054394100355,37.96674263095414
1773094911.5581527,2.5954424515277372,0.31143811527883797,33.338762076498405
1773094911.68981,2.613420066028129,0.32392683405594375,26.937421829495847
1773094911.7919326,2.629312103741311,0.3328498071502797,23.35511452977651
1773094911.9246528,2.6502593077957446,0.3426105478474797,19.668036916186733
1773094912.0563865,2.6745983052928497,0.35198629612976756,17.08263106684852
1773094912.1571743,2.6916583528702156,0.3577480882240202,15.30921577022403
1773094912.2580914,2.7085209341756986,0.3629247130921988,13.74004881361372
1773094912.3934836,2.732140282355785,0.3694001986365306,11.543200184835698
1773094912.5253744,2.7546390739535713,0.374654408333777,9.859847503427233
1773094912.6571674,2.7765333148747136,0.3789285470193819,8.551164685779089
1773094912.7917056,2.802281765677764,0.38346630722411595,7.4852378862965105
1773094912.8920848,2.820667648101238,0.38640835564480985,7.002111366237739
1773094913.0255184,2.8445812105492565,0.39006575637804286,6.4282481123876485
1773094913.1571236,2.8653293057423306,0.39285189726020237,5.939084496993172
1773094913.2900448,2.8913592079270405,0.39638867809427486,5.360929784345859
1773094913.391965,2.908758733290528,0.3985736352342091,4.879544209903256
1773094913.5565464,2.934392256908329,0.4014755158881606,4.109214707981035
1773094913.690251,2.961900173204559,0.4042604949543198,3.41692711347769
1773094913.7928813,2.979532488258256,0.4058437401240251,3.034986341627231
1773094913.9563608,3.005163584306268,0.40798371356599306,2.357459677867914
1773094914.0572784,3.0221688521329453,0.40923580483644234,1.816395009781283
1773094914.194101,3.0493864376197806,0.4109027576061755,1.091487020087198
1773094914.356596,3.073834423869442,0.4120175657434847,0.511693200002816
1773094914.4897158,3.1011752125130383,0.4130596470207272,0.31178554425297084
1773094914.592528,3.119144667076151,0.41377502916611264,0.04935934213217213
1773094914.7250104,3.143684895363113,0.41452223496991736,-0.22515123000336174
1773094914.8572016,3.160069353616161,0.4149406003971037,-0.34914314036189753
1773094914.9909227,3.1835621121683566,0.4154672895235231,-0.40719913224702414
1773094915.123079,3.2025713986644804,0.4158952843004133,-0.006819449637525563
1773094915.2566404,3.2104748651344805,0.41608800751814523,0.2656664280091988
1773094915.3569055,3.22053863726193,0.4164151288773491,0.6806403317509567
1773094915.492846,3.2341156388914727,0.4170773733539499,1.0880292004824235
1773094915.5934274,3.2332135157484414,0.4170386401328355,1.0580639710544477
1773094915.7564135,3.2264850325779437,0.4167008599677667,1.0253039147435965
1773094915.8896306,3.230973507147464,0.4169198052797205,1.019145714518063
1773094915.9898133,3.230368825293682,0.41688862492265716,1.0143043637814977
1773094916.0898209,3.23029226430529,0.41689012722905905,1.5041136905968018
1773094916.1908727,3.2307153728229956,0.4169390361472852,3.46471374111023
1773094916.2909179,3.230286391715995,0.41702271506696476,6.974560799016111
1773094916.4231339,3.231119441853733,0.41740673249048826,12.79187013969661
1773094916.5561543,3.2280238549539075,0.4167752168807521,18.106361406168286
1773094916.689484,3.22899691136004,0.417194997803354,24.741799270434655
1773094916.7894979,3.228780713256357,0.4171562429183078,29.23095437608616
1773094916.890203,3.2295553311466234,0.41760180542673025,33.46883827600756
1773094916.9906645,3.231133442002013,0.4186077851176896,37.840651187794904
1773094917.09237,3.232949360354529,0.4199579761450967,42.283746941460514
1773094917.2563214,3.2335413645195854,0.4205140319258543,48.60952914018929
1773094917.3896153,3.2334405722094157,0.4203303976993249,54.831403225128795
1773094917.4911845,3.2336555510622125,0.42056836543690035,59.380155844042065
1773094917.6248136,3.2339889001887094,0.4209041554808419,65.47956531797668
1773094917.7265158,3.2344517564244626,0.4216358821103854,69.81004012669409
1773094917.8569121,3.235729398933666,0.4252183934361258,75.11734725852885
1773094917.989703,3.2365975445125525,0.4282898516346578,81.89886915480118
1773094918.0900078,3.2371418624287656,0.4312519342050028,86.50383068553796
1773094918.1902537,3.237261751534809,0.4322413416772024,91.04478132839822
1773094918.2913678,3.2373028305607345,0.43293492561540514,95.56684773317046
1773094918.4564557,3.2372423642287522,0.4331449784211734,102.40033856315965
1773094918.5565453,3.237291525176873,0.43293003781562234,106.8170400044814
1773094918.6912594,3.2376204984216526,0.43221485113971275,113.19629647756206
1773094918.7923646,3.2377688382273333,0.4319872634295838,117.38597276581328
1773094918.9234958,3.237447390198856,0.4329869991519183,123.24958536214221
1773094919.056384,3.2317928808912884,0.4416990265207736,128.8486755376799
1773094919.190563,3.2269816649817087,0.4476621978006287,135.40321001270803
1773094919.3229778,3.217787364701593,0.4573165457310225,141.73460488534803
1773094919.4239938,3.2048128811841434,0.4685542600868703,146.31745550271805
1773094919.5561945,3.1783119680022294,0.4865254882563815,152.13348035862512
1773094919.6564715,3.162101042157907,0.4948584728862755,156.85611917473003
1773094919.7911198,3.141638844230612,0.503025515906594,163.36161165867674
1773094919.92272,3.1204707005856474,0.5090313242749991,168.1093202907467
1773094920.0564997,3.0928104315688456,0.5142582774507677,171.24639599662595
1773094920.156564,3.0749755366866345,0.5167402121829838,173.7790052991241
1773094920.2919073,3.0503672195460774,0.5187121083405809,177.22428153726395
1773094920.4561882,3.020879675986131,0.5188527293197575,179.3161393041128
1773094920.5958142,2.9952759088685545,0.5185066260598505,-179.89360911899357
1773094920.7563415,2.9670988792991273,0.5174494139063515,-179.8734872843163
1773094920.858822,2.9492457604436026,0.5169621179514687,179.9665434222803
1773094920.99212,2.9239530483103113,0.5165579971653673,179.79050745665884
1773094921.1237748,2.900182130803175,0.5161095897167595,179.51936134763628
1773094921.2562954,2.87950964859551,0.5156697067920313,179.32043285639546
1773094921.3894682,2.853324436453985,0.5155139603345675,179.23945374047833
1773094921.4896133,2.8351103122820196,0.5153501068628141,179.21324735950225
1773094921.5896256,2.8169710349659702,0.515182385549281,179.10667612698035
1773094921.6899955,2.7996390953896673,0.5150365953572645,178.87982588311948
1773094921.8230958,2.7751138838337104,0.5150397110693097,178.63100350917145
1773094921.9562645,2.7555969304769885,0.514944571921836,178.08841793035066
1773094922.09203,2.7286819798936683,0.5153353577283747,177.4716690858529
1773094922.2564723,2.703868174570691,0.5160361796961271,177.17661551841152
1773094922.3566513,2.6867510629734426,0.5165492018764897,177.28172593252393
1773094922.4897997,2.659539050872604,0.5172601850234888,177.44601175475478
1773094922.5915272,2.6418522663002224,0.5176802289984287,177.50281646655398
1773094922.7238226,2.618082404948998,0.518233030399366,177.6129055561982
1773094922.8567572,2.5993881199713775,0.5186287008697346,177.70041412326913
1773094922.9897037,2.5730587002090988,0.519168948066704,177.76854331535242
1773094923.092006,2.555588333356279,0.519550168859433,178.00162802891694
1773094923.256168,2.529284671135549,0.5199387484586017,178.20855775743777
1773094923.356475,2.511867713680097,0.5201911253899048,178.43044286520157
1773094923.491426,2.484460368870372,0.5202706968187845,178.62880218291852
1773094923.5924733,2.466638596858916,0.5203674779251287,178.65114812663015
